,revenue,revenue,revenue
sales_method,call,email,email + call
week,,,
1,26159.18,229765.55,19080.758718670077
2,33792.02,137794.35,30801.114566805845
3,36247.27,98792.14,54039.208893528186
4,49543.52,107248.75,89660.3332799691
5,53518.11,74238.02,147489.58274151053
6,27408.89,12636.99,132757.4150363901
